{
  "experiment": "centralized_baseline_smoke",
  "method": "centralized",
  "epochs": 1,
  "use_class_weights": true,
  "loss_name": "focal",
  "focal_gamma": 2.0,
  "threshold_tuning": true,
  "selection_metric": "balanced_accuracy",
  "threshold_metric": "balanced_accuracy",
  "min_specificity": 0.3,
  "best_selection_score": 0.5999999999999067,
  "best_threshold": 0.7500000000000002,
  "elapsed_seconds": 0.769187833997421,
  "best_auc": 0.3833333333333333,
  "best_checkpoint": "results/checkpoints/centralized_baseline_smoke_best.pt",
  "test_loss": 0.7386553287506104,
  "test_metrics": {
    "auc": 0.5666666666666667,
    "f1": 0.0,
    "sensitivity": 0.0,
    "specificity": 0.79999999999992,
    "balanced_accuracy": 0.39999999999996,
    "accuracy": 0.5,
    "tp": 0.0,
    "tn": 8.0,
    "fp": 2.0,
    "fn": 6.0,
    "threshold": 0.7500000000000002
  },
  "test_metrics_threshold_0_5": {
    "auc": 0.5666666666666667,
    "f1": 0.625,
    "sensitivity": 0.8333333333331945,
    "specificity": 0.49999999999995,
    "balanced_accuracy": 0.6666666666665723,
    "accuracy": 0.625,
    "tp": 5.0,
    "tn": 5.0,
    "fp": 5.0,
    "fn": 1.0,
    "threshold": 0.5
  }
}