epoch,train_loss,val_loss,auc,f1,sensitivity,specificity,balanced_accuracy,accuracy,tp,tn,fp,fn,threshold
1,0.46837106719613075,0.7138583660125732,0.3833333333333333,0.3333333333333333,0.19999999999998,0.9999999999998334,0.5999999999999067,0.5,2.0,6.0,0.0,8.0,0.7500000000000002
