epoch,train_loss,val_loss,auc,f1,sensitivity,specificity,accuracy
1,1.0007942989468575,0.9187204837799072,0.45,0.5,0.39999999999996,0.6666666666665555,0.5
