round,loss,val_loss,val_auc,val_balanced_accuracy,auc,f1,sensitivity,specificity,balanced_accuracy,accuracy,tp,tn,fp,fn,threshold
0,0.7256546974182129,0.6652846097946167,0.5824175824175823,0.6593406593405804,0.5,0.47619047619047616,0.41666666666663194,0.4999999999999375,0.45833333333328474,0.45,5.0,4.0,4.0,7.0,0.45000000000000007
1,0.7047788977622986,0.6746155858039856,0.6373626373626373,0.5769230769229996,0.5104166666666666,0.6666666666666666,0.7499999999999375,0.24999999999996875,0.49999999999995315,0.55,9.0,2.0,6.0,3.0,0.45000000000000007
