round,loss,auc,f1,sensitivity,specificity,accuracy
0,0.6772436499595642,0.6145833333333333,0.75,0.9999999999999166,0.0,0.6
1,0.6852110266685486,0.46875,0.6206896551724138,0.7499999999999375,0.0,0.45
