method,auc,pr_auc,accuracy,balanced_accuracy,precision,recall,sensitivity,specificity,f1,brier_score,ece,log_loss,false_positive_rate,false_negative_rate,expected_cost,total_cost,prevalence,tp,tn,fp,fn,threshold
none,0.890625,0.9416666666666667,0.5,0.4999999999999375,0.5,1.0,0.999999999999875,0.0,0.6666666666666666,0.24165008716778846,0.3007391467690468,0.6674614380408426,0.999999999999875,0.0,0.5,8.0,0.5,8.0,0.0,8.0,0.0,0.5
temperature,0.890625,0.9416666666666667,0.5,0.4999999999999375,0.5,1.0,0.999999999999875,0.0,0.6666666666666666,0.2320187699357037,0.40545671433210373,0.6534693503451363,0.999999999999875,0.0,0.5,8.0,0.5,8.0,0.0,8.0,0.0,0.5
platt,0.890625,0.9416666666666667,0.8125,0.8124999999998985,0.7777777777777778,0.875,0.8749999999998906,0.7499999999999063,0.8235294117647058,0.1815498223757667,0.2706284225449036,0.5532526007485523,0.24999999999996875,0.12499999999998437,0.4375,7.0,0.5,7.0,6.0,2.0,1.0,0.5
isotonic,0.9453125,0.9416666666666667,0.9375,0.9374999999998828,1.0,0.875,0.8749999999998906,0.999999999999875,0.9333333333333333,0.0546875,4.999903217474468e-13,0.18838508062871837,0.0,0.12499999999998437,0.3125,5.0,0.5,7.0,8.0,0.0,1.0,0.5
