method,auc,pr_auc,accuracy,balanced_accuracy,precision,recall,sensitivity,specificity,f1,brier_score,ece,log_loss,false_positive_rate,false_negative_rate,expected_cost,total_cost,prevalence,tp,tn,fp,fn,threshold
none,0.9241946088099935,0.9440242633910556,0.7435897435897436,0.658974358974357,0.7098540145985401,0.9974358974358974,0.9974358974358948,0.32051282051281915,0.8294243070362474,0.1593765572523258,0.19587276064050507,0.4879591969114182,0.6794871794871766,0.002564102564102557,0.26282051282051283,164.0,0.625,389.0,75.0,159.0,1.0,0.5
temperature,0.9241946088099935,0.9440242633910556,0.7435897435897436,0.658974358974357,0.7098540145985401,0.9974358974358974,0.9974358974358948,0.32051282051281915,0.8294243070362474,0.17317248719011685,0.23214692882715893,0.5299103390155746,0.6794871794871766,0.002564102564102557,0.26282051282051283,164.0,0.625,389.0,75.0,159.0,1.0,0.5
platt,0.9241946088099935,0.9440242633910556,0.8653846153846154,0.84273504273504,0.8625592417061612,0.9333333333333333,0.9333333333333309,0.7521367521367489,0.896551724137931,0.13970496901660562,0.18836654945836248,0.4529949058387804,0.24786324786324682,0.06666666666666649,0.30128205128205127,188.0,0.625,364.0,176.0,58.0,26.0,0.5
isotonic,0.8981371904448827,0.9014853688012862,0.8413461538461539,0.8440170940170911,0.9052924791086351,0.8333333333333334,0.8333333333333311,0.8547008547008511,0.8678237650200267,0.12813601320228613,0.1180931473871098,1.4027037013144912,0.14529914529914467,0.16666666666666624,0.5753205128205128,359.0,0.625,325.0,200.0,34.0,65.0,0.5
