{
  "experiment": "centralized_baseline_smoke",
  "method": "centralized",
  "epochs": 1,
  "best_epoch": 1,
  "use_class_weights": true,
  "sampling_strategy": "none",
  "loss_name": "focal",
  "focal_gamma": 2.0,
  "focal_alpha": null,
  "selection_metric": "balanced_accuracy",
  "best_selection_score": 0.5999999999999067,
  "best_threshold": 0.6,
  "selected_threshold_strategy": "target_specificity",
  "selected_calibration_method": "isotonic",
  "calibration_selection_metric": "ece",
  "elapsed_seconds": 0.7058491249918006,
  "best_auc": 0.6166666666666667,
  "best_checkpoint": "results/checkpoints/centralized_baseline_smoke_best.pt",
  "config_snapshot": "results/metrics/centralized_baseline_smoke_config.yaml",
  "dataset_summary_csv": "results/metrics/centralized_baseline_smoke_dataset_summary.csv",
  "validation_metrics_selected": {
    "auc": 0.6166666666666667,
    "pr_auc": 0.7124999999999999,
    "accuracy": 0.5,
    "balanced_accuracy": 0.5999999999999067,
    "precision": 1.0,
    "recall": 0.2,
    "sensitivity": 0.19999999999998,
    "specificity": 0.9999999999998334,
    "f1": 0.3333333333333333,
    "brier_score": 0.21354166666666669,
    "ece": 1.249972347849848e-13,
    "log_loss": 0.5960383470637625,
    "false_positive_rate": 0.0,
    "false_negative_rate": 0.79999999999992,
    "expected_cost": 2.5,
    "total_cost": 40.0,
    "prevalence": 0.625,
    "tp": 2.0,
    "tn": 6.0,
    "fp": 0.0,
    "fn": 8.0,
    "threshold": 0.6
  },
  "validation_metrics_threshold_0_5": {
    "auc": 0.3833333333333333,
    "pr_auc": 0.6567585192585192,
    "accuracy": 0.5625,
    "balanced_accuracy": 0.449999999999955,
    "precision": 0.6,
    "recall": 0.9,
    "sensitivity": 0.89999999999991,
    "specificity": 0.0,
    "f1": 0.72,
    "brier_score": 0.25944133898067695,
    "ece": 0.1860822942107916,
    "log_loss": 0.7138584280846427,
    "false_positive_rate": 0.9999999999998334,
    "false_negative_rate": 0.09999999999999,
    "expected_cost": 0.6875,
    "total_cost": 11.0,
    "prevalence": 0.625,
    "tp": 9.0,
    "tn": 0.0,
    "fp": 6.0,
    "fn": 1.0,
    "threshold": 0.5
  },
  "test_metrics": {
    "auc": 0.525,
    "pr_auc": 0.44212962962962965,
    "accuracy": 0.4375,
    "balanced_accuracy": 0.349999999999965,
    "precision": 0.0,
    "recall": 0.0,
    "sensitivity": 0.0,
    "specificity": 0.69999999999993,
    "f1": 0.0,
    "brier_score": 0.35016823078688974,
    "ece": 0.23559964422234886,
    "log_loss": 4.075891241087946,
    "false_positive_rate": 0.29999999999997,
    "false_negative_rate": 0.9999999999998334,
    "expected_cost": 2.0625,
    "total_cost": 33.0,
    "prevalence": 0.375,
    "tp": 0.0,
    "tn": 7.0,
    "fp": 3.0,
    "fn": 6.0,
    "threshold": 0.6
  },
  "test_metrics_threshold_0_5": {
    "auc": 0.5666666666666667,
    "pr_auc": 0.4233516483516484,
    "accuracy": 0.625,
    "balanced_accuracy": 0.6666666666665723,
    "precision": 0.5,
    "recall": 0.8333333333333334,
    "sensitivity": 0.8333333333331945,
    "specificity": 0.49999999999995,
    "f1": 0.625,
    "brier_score": 0.2668889157148977,
    "ece": 0.2576797902584076,
    "log_loss": 0.7386553601921257,
    "false_positive_rate": 0.49999999999995,
    "false_negative_rate": 0.16666666666663887,
    "expected_cost": 0.625,
    "total_cost": 10.0,
    "prevalence": 0.375,
    "tp": 5.0,
    "tn": 5.0,
    "fp": 5.0,
    "fn": 1.0,
    "threshold": 0.5
  },
  "test_metrics_calibrated_threshold_0_5": {
    "auc": 0.525,
    "pr_auc": 0.44212962962962965,
    "accuracy": 0.375,
    "balanced_accuracy": 0.4999999999999167,
    "precision": 0.375,
    "recall": 1.0,
    "sensitivity": 0.9999999999998334,
    "specificity": 0.0,
    "f1": 0.5454545454545454,
    "brier_score": 0.35016823078688974,
    "ece": 0.23559964422234886,
    "log_loss": 4.075891241087946,
    "false_positive_rate": 0.9999999999999,
    "false_negative_rate": 0.0,
    "expected_cost": 0.625,
    "total_cost": 10.0,
    "prevalence": 0.375,
    "tp": 6.0,
    "tn": 0.0,
    "fp": 10.0,
    "fn": 0.0,
    "threshold": 0.5
  },
  "threshold_summary_validation": {
    "best_balanced_accuracy": {
      "auc": 0.6166666666666667,
      "pr_auc": 0.7124999999999999,
      "accuracy": 0.5,
      "balanced_accuracy": 0.5999999999999067,
      "precision": 1.0,
      "recall": 0.2,
      "sensitivity": 0.19999999999998,
      "specificity": 0.9999999999998334,
      "f1": 0.3333333333333333,
      "brier_score": 0.21354166666666669,
      "ece": 1.249972347849848e-13,
      "log_loss": 0.5960383470637625,
      "false_positive_rate": 0.0,
      "false_negative_rate": 0.79999999999992,
      "expected_cost": 2.5,
      "total_cost": 40.0,
      "prevalence": 0.625,
      "tp": 2.0,
      "tn": 6.0,
      "fp": 0.0,
      "fn": 8.0,
      "threshold": 0.6,
      "youden_j": 0.19999999999981344
    },
    "best_f1": {
      "auc": 0.6166666666666667,
      "pr_auc": 0.7124999999999999,
      "accuracy": 0.625,
      "balanced_accuracy": 0.49999999999995,
      "precision": 0.625,
      "recall": 1.0,
      "sensitivity": 0.9999999999999,
      "specificity": 0.0,
      "f1": 0.7692307692307693,
      "brier_score": 0.21354166666666669,
      "ece": 1.249972347849848e-13,
      "log_loss": 0.5960383470637625,
      "false_positive_rate": 0.9999999999998334,
      "false_negative_rate": 0.0,
      "expected_cost": 0.375,
      "total_cost": 6.0,
      "prevalence": 0.625,
      "tp": 10.0,
      "tn": 0.0,
      "fp": 6.0,
      "fn": 0.0,
      "threshold": 0.0,
      "youden_j": -1.000310945187266e-13
    },
    "best_youden_j": {
      "auc": 0.6166666666666667,
      "pr_auc": 0.7124999999999999,
      "accuracy": 0.5,
      "balanced_accuracy": 0.5999999999999067,
      "precision": 1.0,
      "recall": 0.2,
      "sensitivity": 0.19999999999998,
      "specificity": 0.9999999999998334,
      "f1": 0.3333333333333333,
      "brier_score": 0.21354166666666669,
      "ece": 1.249972347849848e-13,
      "log_loss": 0.5960383470637625,
      "false_positive_rate": 0.0,
      "false_negative_rate": 0.79999999999992,
      "expected_cost": 2.5,
      "total_cost": 40.0,
      "prevalence": 0.625,
      "tp": 2.0,
      "tn": 6.0,
      "fp": 0.0,
      "fn": 8.0,
      "threshold": 0.6,
      "youden_j": 0.19999999999981344
    },
    "best_expected_cost": {
      "auc": 0.6166666666666667,
      "pr_auc": 0.7124999999999999,
      "accuracy": 0.625,
      "balanced_accuracy": 0.49999999999995,
      "precision": 0.625,
      "recall": 1.0,
      "sensitivity": 0.9999999999999,
      "specificity": 0.0,
      "f1": 0.7692307692307693,
      "brier_score": 0.21354166666666669,
      "ece": 1.249972347849848e-13,
      "log_loss": 0.5960383470637625,
      "false_positive_rate": 0.9999999999998334,
      "false_negative_rate": 0.0,
      "expected_cost": 0.375,
      "total_cost": 6.0,
      "prevalence": 0.625,
      "tp": 10.0,
      "tn": 0.0,
      "fp": 6.0,
      "fn": 0.0,
      "threshold": 0.0,
      "youden_j": -1.000310945187266e-13
    },
    "target_specificity": {
      "auc": 0.6166666666666667,
      "pr_auc": 0.7124999999999999,
      "accuracy": 0.5,
      "balanced_accuracy": 0.5999999999999067,
      "precision": 1.0,
      "recall": 0.2,
      "sensitivity": 0.19999999999998,
      "specificity": 0.9999999999998334,
      "f1": 0.3333333333333333,
      "brier_score": 0.21354166666666669,
      "ece": 1.249972347849848e-13,
      "log_loss": 0.5960383470637625,
      "false_positive_rate": 0.0,
      "false_negative_rate": 0.79999999999992,
      "expected_cost": 2.5,
      "total_cost": 40.0,
      "prevalence": 0.625,
      "tp": 2.0,
      "tn": 6.0,
      "fp": 0.0,
      "fn": 8.0,
      "threshold": 0.6,
      "youden_j": 0.19999999999981344
    },
    "target_recall": null
  },
  "threshold_summary_test": {
    "best_balanced_accuracy": {
      "auc": 0.525,
      "pr_auc": 0.44212962962962965,
      "accuracy": 0.5625,