{
  "experiment": "centralized_baseline",
  "method": "centralized",
  "epochs": 3,
  "best_epoch": 1,
  "use_class_weights": true,
  "sampling_strategy": "none",
  "loss_name": "focal",
  "focal_gamma": 2.0,
  "focal_alpha": null,
  "selection_metric": "balanced_accuracy",
  "best_selection_score": 0.9374999999998828,
  "best_threshold": 0.13,
  "selected_threshold_strategy": "target_specificity",
  "selected_calibration_method": "isotonic",
  "calibration_selection_metric": "ece",
  "elapsed_seconds": 748.1918720419926,
  "best_auc": 0.9453125,
  "best_checkpoint": "results/checkpoints/centralized_baseline_best.pt",
  "config_snapshot": "results/metrics/centralized_baseline_config.yaml",
  "dataset_summary_csv": "results/metrics/centralized_baseline_dataset_summary.csv",
  "validation_metrics_selected": {
    "auc": 0.9453125,
    "pr_auc": 0.9416666666666667,
    "accuracy": 0.9375,
    "balanced_accuracy": 0.9374999999998828,
    "precision": 1.0,
    "recall": 0.875,
    "sensitivity": 0.8749999999998906,
    "specificity": 0.999999999999875,
    "f1": 0.9333333333333333,
    "brier_score": 0.0546875,
    "ece": 4.999903217474468e-13,
    "log_loss": 0.18838508062871837,
    "false_positive_rate": 0.0,
    "false_negative_rate": 0.12499999999998437,
    "expected_cost": 0.3125,
    "total_cost": 5.0,
    "prevalence": 0.5,
    "tp": 7.0,
    "tn": 8.0,
    "fp": 0.0,
    "fn": 1.0,
    "threshold": 0.13
  },
  "validation_metrics_threshold_0_5": {
    "auc": 0.890625,
    "pr_auc": 0.9416666666666667,
    "accuracy": 0.5,
    "balanced_accuracy": 0.4999999999999375,
    "precision": 0.5,
    "recall": 1.0,
    "sensitivity": 0.999999999999875,
    "specificity": 0.0,
    "f1": 0.6666666666666666,
    "brier_score": 0.24165008716778846,
    "ece": 0.3007391467690468,
    "log_loss": 0.6674614380408426,
    "false_positive_rate": 0.999999999999875,
    "false_negative_rate": 0.0,
    "expected_cost": 0.5,
    "total_cost": 8.0,
    "prevalence": 0.5,
    "tp": 8.0,
    "tn": 0.0,
    "fp": 8.0,
    "fn": 0.0,
    "threshold": 0.5
  },
  "test_metrics": {
    "auc": 0.8981371904448827,
    "pr_auc": 0.9014853688012862,
    "accuracy": 0.8573717948717948,
    "balanced_accuracy": 0.8534188034188005,
    "precision": 0.8992042440318302,
    "recall": 0.8692307692307693,
    "sensitivity": 0.8692307692307669,
    "specificity": 0.8376068376068341,
    "f1": 0.8839634941329857,
    "brier_score": 0.12813601320228613,
    "ece": 0.1180931473871098,
    "log_loss": 1.4027037013144912,
    "false_positive_rate": 0.1623931623931617,
    "false_negative_rate": 0.13076923076923042,
    "expected_cost": 0.46955128205128205,
    "total_cost": 293.0,
    "prevalence": 0.625,
    "tp": 339.0,
    "tn": 196.0,
    "fp": 38.0,
    "fn": 51.0,
    "threshold": 0.13
  },
  "test_metrics_threshold_0_5": {
    "auc": 0.9241946088099935,
    "pr_auc": 0.9440242633910556,
    "accuracy": 0.7435897435897436,
    "balanced_accuracy": 0.658974358974357,
    "precision": 0.7098540145985401,
    "recall": 0.9974358974358974,
    "sensitivity": 0.9974358974358948,
    "specificity": 0.32051282051281915,
    "f1": 0.8294243070362474,
    "brier_score": 0.1593765572523258,
    "ece": 0.19587276064050507,
    "log_loss": 0.4879591969114182,
    "false_positive_rate": 0.6794871794871766,
    "false_negative_rate": 0.002564102564102557,
    "expected_cost": 0.26282051282051283,
    "total_cost": 164.0,
    "prevalence": 0.625,
    "tp": 389.0,
    "tn": 75.0,
    "fp": 159.0,
    "fn": 1.0,
    "threshold": 0.5
  },
  "test_metrics_calibrated_threshold_0_5": {
    "auc": 0.8981371904448827,
    "pr_auc": 0.9014853688012862,
    "accuracy": 0.8413461538461539,
    "balanced_accuracy": 0.8440170940170911,
    "precision": 0.9052924791086351,
    "recall": 0.8333333333333334,
    "sensitivity": 0.8333333333333311,
    "specificity": 0.8547008547008511,
    "f1": 0.8678237650200267,
    "brier_score": 0.12813601320228613,
    "ece": 0.1180931473871098,
    "log_loss": 1.4027037013144912,
    "false_positive_rate": 0.14529914529914467,
    "false_negative_rate": 0.16666666666666624,
    "expected_cost": 0.5753205128205128,
    "total_cost": 359.0,
    "prevalence": 0.625,
    "tp": 325.0,
    "tn": 200.0,
    "fp": 34.0,
    "fn": 65.0,
    "threshold": 0.5
  },
  "threshold_summary_validation": {
    "best_balanced_accuracy": {
      "auc": 0.9453125,
      "pr_auc": 0.9416666666666667,
      "accuracy": 0.9375,
      "balanced_accuracy": 0.9374999999998828,
      "precision": 1.0,
      "recall": 0.875,
      "sensitivity": 0.8749999999998906,
      "specificity": 0.999999999999875,
      "f1": 0.9333333333333333,
      "brier_score": 0.0546875,
      "ece": 4.999903217474468e-13,
      "log_loss": 0.18838508062871837,
      "false_positive_rate": 0.0,
      "false_negative_rate": 0.12499999999998437,
      "expected_cost": 0.3125,
      "total_cost": 5.0,
      "prevalence": 0.5,
      "tp": 7.0,
      "tn": 8.0,
      "fp": 0.0,
      "fn": 1.0,
      "threshold": 0.13,
      "youden_j": 0.8749999999997655
    },
    "best_f1": {
      "auc": 0.9453125,
      "pr_auc": 0.9416666666666667,
      "accuracy": 0.9375,
      "balanced_accuracy": 0.9374999999998828,
      "precision": 1.0,
      "recall": 0.875,
      "sensitivity": 0.8749999999998906,
      "specificity": 0.999999999999875,
      "f1": 0.9333333333333333,
      "brier_score": 0.0546875,
      "ece": 4.999903217474468e-13,
      "log_loss": 0.18838508062871837,
      "false_positive_rate": 0.0,
      "false_negative_rate": 0.12499999999998437,
      "expected_cost": 0.3125,
      "total_cost": 5.0,
      "prevalence": 0.5,
      "tp": 7.0,
      "tn": 8.0,
      "fp": 0.0,
      "fn": 1.0,
      "threshold": 0.13,
      "youden_j": 0.8749999999997655
    },
    "best_youden_j": {
      "auc": 0.9453125,
      "pr_auc": 0.9416666666666667,
      "accuracy": 0.9375,
      "balanced_accuracy": 0.9374999999998828,
      "precision": 1.0,
      "recall": 0.875,
      "sensitivity": 0.8749999999998906,
      "specificity": 0.999999999999875,
      "f1": 0.9333333333333333,
      "brier_score": 0.0546875,
      "ece": 4.999903217474468e-13,
      "log_loss": 0.18838508062871837,
      "false_positive_rate": 0.0,
      "false_negative_rate": 0.12499999999998437,
      "expected_cost": 0.3125,
      "total_cost": 5.0,
      "prevalence": 0.5,
      "tp": 7.0,
      "tn": 8.0,
      "fp": 0.0,
      "fn": 1.0,
      "threshold": 0.13,
      "youden_j": 0.8749999999997655
    },
    "best_expected_cost": {
      "auc": 0.9453125,
      "pr_auc": 0.9416666666666667,
      "accuracy": 0.9375,
      "balanced_accuracy": 0.9374999999998828,
      "precision": 1.0,
      "recall": 0.875,
      "sensitivity": 0.8749999999998906,
      "specificity": 0.999999999999875,
      "f1": 0.9333333333333333,
      "brier_score": 0.0546875,
      "ece": 4.999903217474468e-13,
      "log_loss": 0.18838508062871837,
      "false_positive_rate": 0.0,
      "false_negative_rate": 0.12499999999998437,
      "expected_cost": 0.3125,
      "total_cost": 5.0,
      "prevalence": 0.5,
      "tp": 7.0,
      "tn": 8.0,
      "fp": 0.0,
      "fn": 1.0,
      "threshold": 0.13,
      "youden_j": 0.8749999999997655
    },
    "target_specificity": {
      "auc": 0.9453125,
      "pr_auc": 0.9416666666666667,
      "accuracy": 0.9375,
      "balanced_accuracy": 0.9374999999998828,
      "precision": 1.0,
      "recall": 0.875,
      "sensitivity": 0.8749999999998906,
      "specificity": 0.999999999999875,
      "f1": 0.9333333333333333,
      "brier_score": 0.0546875,
      "ece": 4.999903217474468e-13,
      "log_loss": 0.18838508062871837,
      "false_positive_rate": 0.0,
      "false_negative_rate": 0.12499999999998437,
      "expected_cost": 0.3125,
      "total_cost": 5.0,
      "prevalence": 0.5,
      "tp": 7.0,
      "tn": 8.0,
      "fp": 0.0,
      "fn": 1.0,
      "threshold": 0.13,
      "youden_j": 0.8749999999997655
    },