method,auc,pr_auc,accuracy,balanced_accuracy,precision,recall,sensitivity,specificity,f1,brier_score,ece,log_loss,false_positive_rate,false_negative_rate,expected_cost,total_cost,prevalence,tp,tn,fp,fn,threshold
none,0.3833333333333333,0.6567585192585192,0.5625,0.449999999999955,0.6,0.9,0.89999999999991,0.0,0.72,0.25944133898067695,0.1860822942107916,0.7138584280846427,0.9999999999998334,0.09999999999999,0.6875,11.0,0.625,9.0,0.0,6.0,1.0,0.5
temperature,0.3833333333333333,0.6567585192585192,0.5625,0.449999999999955,0.6,0.9,0.89999999999991,0.0,0.72,0.24681201523620572,0.07890097983181474,0.6866671320196611,0.9999999999998334,0.09999999999999,0.6875,11.0,0.625,9.0,0.0,6.0,1.0,0.5
platt,0.6166666666666667,0.7530050505050505,0.625,0.49999999999995,0.625,1.0,0.9999999999999,0.0,0.7692307692307693,0.23101357282259685,0.03116696150835291,0.6541288988806901,0.9999999999998334,0.0,0.375,6.0,0.625,10.0,0.0,6.0,0.0,0.5
isotonic,0.6166666666666667,0.7124999999999999,0.625,0.49999999999995,0.625,1.0,0.9999999999999,0.0,0.7692307692307693,0.21354166666666669,1.249972347849848e-13,0.5960383470637625,0.9999999999998334,0.0,0.375,6.0,0.625,10.0,0.0,6.0,0.0,0.5
