method,auc,pr_auc,accuracy,balanced_accuracy,precision,recall,sensitivity,specificity,f1,brier_score,ece,log_loss,false_positive_rate,false_negative_rate,expected_cost,total_cost,prevalence,tp,tn,fp,fn,threshold
none,0.5666666666666667,0.4233516483516484,0.625,0.6666666666665723,0.5,0.8333333333333334,0.8333333333331945,0.49999999999995,0.625,0.2668889157148977,0.2576797902584076,0.7386553601921257,0.49999999999995,0.16666666666663887,0.625,10.0,0.375,5.0,5.0,5.0,1.0,0.5
temperature,0.5666666666666667,0.4233516483516484,0.625,0.6666666666665723,0.5,0.8333333333333334,0.8333333333331945,0.49999999999995,0.625,0.25029369219831327,0.14830959029495716,0.6940289189308739,0.49999999999995,0.16666666666663887,0.625,10.0,0.375,5.0,5.0,5.0,1.0,0.5
platt,0.43333333333333335,0.3578754578754579,0.375,0.4999999999999167,0.375,1.0,0.9999999999998334,0.0,0.5454545454545454,0.31738980508731535,0.27452795213825815,0.8370573854160264,0.9999999999999,0.0,0.625,10.0,0.375,6.0,0.0,10.0,0.0,0.5
isotonic,0.525,0.44212962962962965,0.375,0.4999999999999167,0.375,1.0,0.9999999999998334,0.0,0.5454545454545454,0.35016823078688974,0.23559964422234886,4.075891241087946,0.9999999999999,0.0,0.625,10.0,0.375,6.0,0.0,10.0,0.0,0.5
