method,auc,pr_auc,accuracy,balanced_accuracy,precision,recall,sensitivity,specificity,f1,brier_score,ece,log_loss,false_positive_rate,false_negative_rate,expected_cost,total_cost,prevalence,tp,tn,fp,fn,threshold
none,0.7267367959675652,0.81862117171628,0.375,0.4999999999999979,0.0,0.0,0.0,0.9999999999999958,0.0,0.3785710127843374,0.3927514272240492,0.9864710816537581,0.0,0.9999999999999973,3.125,1950.0,0.625,0.0,234.0,0.0,390.0,0.5
temperature,0.7267367959675652,0.81862117171628,0.375,0.4999999999999979,0.0,0.0,0.0,0.9999999999999958,0.0,0.2582045328049419,0.15995249405312237,0.7095758463537004,0.0,0.9999999999999973,3.125,1950.0,0.625,0.0,234.0,0.0,390.0,0.5
platt,0.7267367959675652,0.81862117171628,0.6858974358974359,0.6444444444444424,0.7214611872146118,0.8102564102564103,0.8102564102564082,0.4786324786324766,0.7632850241545893,0.235633347184964,0.11235536663485741,0.6642978421751105,0.5213675213675192,0.18974358974358924,0.7884615384615384,492.0,0.625,316.0,112.0,122.0,74.0,0.5
isotonic,0.7076977865439404,0.7708578715738867,0.6506410256410257,0.5589743589743573,0.6563636363636364,0.9256410256410257,0.9256410256410232,0.19230769230769149,0.7680851063829788,0.22903696531629153,0.1450065389132893,2.9508790329479653,0.8076923076923043,0.07435897435897416,0.5352564102564102,334.0,0.625,361.0,45.0,189.0,29.0,0.5
