method,auc,pr_auc,accuracy,balanced_accuracy,precision,recall,sensitivity,specificity,f1,brier_score,ece,log_loss,false_positive_rate,false_negative_rate,expected_cost,total_cost,prevalence,tp,tn,fp,fn,threshold
none,0.828125,0.84375,0.5,0.4999999999999375,0.0,0.0,0.0,0.999999999999875,0.0,0.31567730321430487,0.2857109373435378,0.8455135554018873,0.0,0.999999999999875,2.5,40.0,0.5,0.0,8.0,0.0,8.0,0.5
temperature,0.828125,0.84375,0.5,0.4999999999999375,0.0,0.0,0.0,0.999999999999875,0.0,0.24856376044338302,0.09434267133474354,0.6902495959248418,0.0,0.999999999999875,2.5,40.0,0.5,0.0,8.0,0.0,8.0,0.5
platt,0.828125,0.84375,0.75,0.7499999999999063,0.75,0.75,0.7499999999999063,0.7499999999999063,0.75,0.23299183884813268,0.11204340253171557,0.6590239517619714,0.24999999999996875,0.24999999999996875,0.75,12.0,0.5,6.0,6.0,2.0,2.0,0.5
isotonic,0.8671875,0.8333333333333334,0.75,0.7499999999999063,0.6666666666666666,1.0,0.999999999999875,0.4999999999999375,0.8,0.13541666666666669,4.374958521774772e-13,0.37927659926569435,0.4999999999999375,0.0,0.25,4.0,0.5,8.0,4.0,4.0,0.0,0.5
