method,auc,pr_auc,accuracy,balanced_accuracy,precision,recall,sensitivity,specificity,f1,brier_score,ece,log_loss,false_positive_rate,false_negative_rate,expected_cost,total_cost,prevalence,tp,tn,fp,fn,threshold
none,0.37500000000000006,0.6300286050092552,0.35,0.3958333333332873,0.4,0.16666666666666666,0.16666666666665278,0.6249999999999218,0.23529411764705882,0.27316388917244466,0.2016479790210724,0.7403536746743958,0.37499999999995315,0.8333333333332639,2.65,53.0,0.6,2.0,5.0,3.0,10.0,0.5
temperature,0.37500000000000006,0.6300286050092552,0.35,0.3958333333332873,0.4,0.16666666666666666,0.16666666666665278,0.6249999999999218,0.23529411764705882,0.27316224230461633,0.2016447931528092,0.7403502083485801,0.37499999999995315,0.8333333333332639,2.65,53.0,0.6,2.0,5.0,3.0,10.0,0.5
platt,0.625,0.7997801905696643,0.4,0.4999999999999375,0.0,0.0,0.0,0.999999999999875,0.0,0.3012206382006536,0.24917229684970943,0.7994131376671112,0.0,0.9999999999999166,3.0,60.0,0.6,0.0,8.0,0.0,12.0,0.5
isotonic,0.4375,0.5727272727272728,0.4,0.4999999999999375,0.0,0.0,0.0,0.999999999999875,0.0,0.3326704545454546,0.2875,0.8755171736430427,0.0,0.9999999999999166,3.0,60.0,0.6,0.0,8.0,0.0,12.0,0.5
