method,auc,pr_auc,accuracy,balanced_accuracy,precision,recall,sensitivity,specificity,f1,brier_score,ece,log_loss,false_positive_rate,false_negative_rate,expected_cost,total_cost,prevalence,tp,tn,fp,fn,threshold
none,0.46153846153846156,0.4431845465458911,0.45,0.37912087912084524,0.16666666666666666,0.14285714285714285,0.14285714285712245,0.615384615384568,0.15384615384615385,0.24739894013288505,0.18666757941246032,0.6880470282251077,0.38461538461535505,0.8571428571427346,1.75,35.0,0.35,1.0,8.0,5.0,6.0,0.5
temperature,0.46153846153846156,0.4431845465458911,0.45,0.37912087912084524,0.16666666666666666,0.14285714285714285,0.14285714285712245,0.615384615384568,0.15384615384615385,0.24739894724415734,0.18666841387748717,0.6880470195806299,0.38461538461535505,0.8571428571427346,1.75,35.0,0.35,1.0,8.0,5.0,6.0,0.5
platt,0.5384615384615384,0.48979591836734687,0.65,0.49999999999996153,0.0,0.0,0.0,0.9999999999999231,0.0,0.2273475038014776,5.60777989222494e-06,0.6471165903040934,0.0,0.9999999999998571,1.75,35.0,0.35,0.0,13.0,0.0,7.0,0.5
isotonic,0.6263736263736264,0.4809523809523809,0.7,0.5714285714285228,1.0,0.14285714285714285,0.14285714285712245,0.9999999999999231,0.25,0.2022727272727273,4.999889391399393e-14,0.5854490334933393,0.0,0.8571428571427346,1.5,30.0,0.35,1.0,13.0,0.0,6.0,0.5
