method,auc,pr_auc,accuracy,balanced_accuracy,precision,recall,sensitivity,specificity,f1,brier_score,ece,log_loss,false_positive_rate,false_negative_rate,expected_cost,total_cost,prevalence,tp,tn,fp,fn,threshold
none,0.8002027175104097,0.8726068029069155,0.625,0.49999999999999867,0.625,1.0,0.9999999999999973,0.0,0.7692307692307693,0.3130048336665309,0.28582517114969397,0.9466988009602881,0.9999999999999958,0.0,0.375,234.0,0.625,390.0,0.0,234.0,0.0,0.5
temperature,0.8002081963620425,0.8725860323673393,0.625,0.49999999999999867,0.625,1.0,0.9999999999999973,0.0,0.7692307692307693,0.24820526010734797,0.11808402244097149,0.6895574452047333,0.9999999999999958,0.0,0.375,234.0,0.625,390.0,0.0,234.0,0.0,0.5
platt,0.8001972386587771,0.8726068029069155,0.7243589743589743,0.6863247863247841,0.75,0.8384615384615385,0.8384615384615363,0.534188034188032,0.7917675544794189,0.24793776930434697,0.12308626054374716,0.6890225126273943,0.4658119658119638,0.1615384615384611,0.6794871794871795,424.0,0.625,327.0,125.0,109.0,63.0,0.5
isotonic,0.7599879465264081,0.8050725869513938,0.717948717948718,0.6632478632478611,0.7257383966244726,0.882051282051282,0.8820512820512797,0.44444444444444253,0.7962962962962963,0.2048287558392518,0.1366551369779324,1.7712923363171462,0.5555555555555532,0.11794871794871764,0.5769230769230769,360.0,0.625,344.0,104.0,130.0,46.0,0.5
