method,auc,pr_auc,accuracy,balanced_accuracy,precision,recall,sensitivity,specificity,f1,brier_score,ece,log_loss,false_positive_rate,false_negative_rate,expected_cost,total_cost,prevalence,tp,tn,fp,fn,threshold
none,0.75,0.7238476800976801,0.5,0.4999999999999375,0.5,1.0,0.999999999999875,0.0,0.6666666666666666,0.4140213298096753,0.40719370171427727,1.227424150747868,0.999999999999875,0.0,0.5,8.0,0.5,8.0,0.0,8.0,0.0,0.5
temperature,0.75,0.7238476800976801,0.5,0.4999999999999375,0.5,1.0,0.999999999999875,0.0,0.6666666666666666,0.24998318099156158,0.006781630218029022,0.6931135283107209,0.999999999999875,0.0,0.5,8.0,0.5,8.0,0.0,8.0,0.0,0.5
platt,0.75,0.7238476800976801,0.625,0.6249999999999218,0.6666666666666666,0.5,0.4999999999999375,0.7499999999999063,0.5714285714285714,0.2491217013192525,2.3828779947665524e-05,0.6913905519512085,0.24999999999996875,0.4999999999999375,1.375,22.0,0.5,4.0,6.0,2.0,4.0,0.5
isotonic,0.8515625,0.7852564102564104,0.8125,0.8124999999998985,0.7777777777777778,0.875,0.8749999999998906,0.7499999999999063,0.8235294117647058,0.140625,2.499986173924924e-13,0.4217513584643562,0.24999999999996875,0.12499999999998437,0.4375,7.0,0.5,7.0,6.0,2.0,1.0,0.5
